Workbook

Sheet Sales
A1: OrderID | B1: OrderDate | C1: StoreID | D1: ProductID | E1: Qty | F1: ProductName | G1: Category | H1: UnitPrice | I1: UnitCost | J1: Region | K1: Revenue | L1: Profit
A2: ORD10197 | B2: 46204 | C2: S02 | D2: P103 | E2: 2 | F2: =_xlfn.XLOOKUP(D2, Products!$A$2:$A$21, Products!$B$2:$B$21, "Not Found") -> Gaming Mouse | G2: =_xlfn.XLOOKUP(D2, Products!$A$2:$A$21, Products!$C$2:$C$21) -> Accessories | H2: =_xlfn.XLOOKUP(D2, Products!$A$2:$A$21, Products!$E$2:$E$21, 0) -> 89 | I2: =_xlfn.XLOOKUP(D2, Products!$A$2:$A$21, Products!$F$2:$F$21,0) -> 41 | J2: =_xlfn.XLOOKUP(C2, Stores!$A$2:$A$7, Stores!$D$2:$D$7) -> Sydney West | K2: =E2*H2 -> 178 | L2: =K2 - (E2 * I2) -> 96
A3: ORD10210 | B3: 46204 | C3: S03 | D3: P108 | E3: 1 | F3: =_xlfn.XLOOKUP(D3, Products!$A$2:$A$21, Products!$B$2:$B$21, "Not Found") -> Wireless Earbuds | G3: =_xlfn.XLOOKUP(D3, Products!$A$2:$A$21, Products!$C$2:$C$21) -> Audio | H3: =_xlfn.XLOOKUP(D3, Products!$A$2:$A$21, Products!$E$2:$E$21, 0) -> 249 | I3: =_xlfn.XLOOKUP(D3, Products!$A$2:$A$21, Products!$F$2:$F$21,0) -> 140 | J3: =_xlfn.XLOOKUP(C3, Stores!$A$2:$A$7, Stores!$D$2:$D$7) -> Sydney East | K3: =E3*H3 -> 249 | L3: =K3 - (E3 * I3) -> 109
A4: ORD10254 | B4: 46204 | C4: S04 | D4: P110 | E4: 1 | F4: =_xlfn.XLOOKUP(D4, Products!$A$2:$A$21, Products!$B$2:$B$21, "Not Found") -> Bluetooth Speaker | G4: =_xlfn.XLOOKUP(D4, Products!$A$2:$A$21, Products!$C$2:$C$21) -> Audio | H4: =_xlfn.XLOOKUP(D4, Products!$A$2:$A$21, Products!$E$2:$E$21, 0) -> 179 | I4: =_xlfn.XLOOKUP(D4, Products!$A$2:$A$21, Products!$F$2:$F$21,0) -> 95 | J4: =_xlfn.XLOOKUP(C4, Stores!$A$2:$A$7, Stores!$D$2:$D$7) -> Sydney North | K4: =E4*H4 -> 179 | L4: =K4 - (E4 * I4) -> 84
A5: ORD10317 | B5: 46204 | C5: S06 | D5: P120 | E5: 2 | F5: =_xlfn.XLOOKUP(D5, Products!$A$2:$A$21, Products!$B$2:$B$21, "Not Found") -> Video Game | G5: =_xlfn.XLOOKUP(D5, Products!$A$2:$A$21, Products!$C$2:$C$21) -> Gaming | H5: =_xlfn.XLOOKUP(D5, Products!$A$2:$A$21, Products!$E$2:$E$21, 0) -> 79 | I5: =_xlfn.XLOOKUP(D5, Products!$A$2:$A$21, Products!$F$2:$F$21,0) -> 52 | J5: =_xlfn.XLOOKUP(C5, Stores!$A$2:$A$7, Stores!$D$2:$D$7) -> Sydney West | K5: =E5*H5 -> 158 | L5: =K5 - (E5 * I5) -> 54
A6: ORD10330 | B6: 46204 | C6: S01 | D6: P110 | E6: 1 | F6: =_xlfn.XLOOKUP(D6, Products!$A$2:$A$21, Products!$B$2:$B$21, "Not Found") -> Bluetooth Speaker | G6: =_xlfn.XLOOKUP(D6, Products!$A$2:$A$21, Products!$C$2:$C$21) -> Audio | H6: =_xlfn.XLOOKUP(D6, Products!$A$2:$A$21, Products!$E$2:$E$21, 0) -> 179 | I6: =_xlfn.XLOOKUP(D6, Products!$A$2:$A$21, Products!$F$2:$F$21,0) -> 95 | J6: =_xlfn.XLOOKUP(C6, Stores!$A$2:$A$7, Stores!$D$2:$D$7) -> Sydney South | K6: =E6*H6 -> 179 | L6: =K6 - (E6 * I6) -> 84
A7: ORD10350 | B7: 46204 | C7: S01 | D7: P110 | E7: 1 | F7: =_xlfn.XLOOKUP(D7, Products!$A$2:$A$21, Products!$B$2:$B$21, "Not Found") -> Bluetooth Speaker | G7: =_xlfn.XLOOKUP(D7, Products!$A$2:$A$21, Products!$C$2:$C$21) -> Audio | H7: =_xlfn.XLOOKUP(D7, Products!$A$2:$A$21, Products!$E$2:$E$21, 0) -> 179 | I7: =_xlfn.XLOOKUP(D7, Products!$A$2:$A$21, Products!$F$2:$F$21,0) -> 95 | J7: =_xlfn.XLOOKUP(C7, Stores!$A$2:$A$7, Stores!$D$2:$D$7) -> Sydney South | K7: =E7*H7 -> 179 | L7: =K7 - (E7 * I7) -> 84 | N7: Not Founds | O7: =COUNTIF(F2:F601, "Not found") -> 4
A8: ORD10372 | B8: 46204 | C8: S03 | D8: P116 | E8: 4 | F8: =_xlfn.XLOOKUP(D8, Products!$A$2:$A$21, Products!$B$2:$B$21, "Not Found") -> Phone Case | G8: =_xlfn.XLOOKUP(D8, Products!$A$2:$A$21, Products!$C$2:$C$21) -> Accessories | H8: =_xlfn.XLOOKUP(D8, Products!$A$2:$A$21, Products!$E$2:$E$21, 0) -> 39 | I8: =_xlfn.XLOOKUP(D8, Products!$A$2:$A$21, Products!$F$2:$F$21,0) -> 9 | J8: =_xlfn.XLOOKUP(C8, Stores!$A$2:$A$7, Stores!$D$2:$D$7) -> Sydney East | K8: =E8*H8 -> 156 | L8: =K8 - (E8 * I8) -> 120
A9: ORD10461 | B9: 46204 | C9: S01 | D9: P103 | E9: 1 | F9: =_xlfn.XLOOKUP(D9, Products!$A$2:$A$21, Products!$B$2:$B$21, "Not Found") -> Gaming Mouse | G9: =_xlfn.XLOOKUP(D9, Products!$A$2:$A$21, Products!$C$2:$C$21) -> Accessories | H9: =_xlfn.XLOOKUP(D9, Products!$A$2:$A$21, Products!$E$2:$E$21, 0) -> 89 | I9: =_xlfn.XLOOKUP(D9, Products!$A$2:$A$21, Products!$F$2:$F$21,0) -> 41 | J9: =_xlfn.XLOOKUP(C9, Stores!$A$2:$A$7, Stores!$D$2:$D$7) -> Sydney South | K9: =E9*H9 -> 89 | L9: =K9 - (E9 * I9) -> 48
A10: ORD10497 | B10: 46204 | C10: S03 | D10: P117 | E10: 1 | F10: =_xlfn.XLOOKUP(D10, Products!$A$2:$A$21, Products!$B$2:$B$21, "Not Found") -> USB-C Charger | G10: =_xlfn.XLOOKUP(D10, Products!$A$2:$A$21, Products!$C$2:$C$21) -> Accessories | H10: =_xlfn.XLOOKUP(D10, Products!$A$2:$A$21, Products!$E$2:$E$21, 0) -> 49 | I10: =_xlfn.XLOOKUP(D10, Products!$A$2:$A$21, Products!$F$2:$F$21,0) -> 14 | J10: =_xlfn.XLOOKUP(C10, Stores!$A$2:$A$7, Stores!$D$2:$D$7) -> Sydney East | K10: =E10*H10 -> 49 | L10: =K10 - (E10 * I10) -> 35
A11: ORD10529 | B11: 46204 | C11: S02 | D11: P103 | E11: 1 | F11: =_xlfn.XLOOKUP(D11, Products!$A$2:$A$21, Products!$B$2:$B$21, "Not Found") -> Gaming Mouse | G11: =_xlfn.XLOOKUP(D11, Products!$A$2:$A$21, Products!$C$2:$C$21) -> Accessories | H11: =_xlfn.XLOOKUP(D11, Products!$A$2:$A$21, Products!$E$2:$E$21, 0) -> 89 | I11: =_xlfn.XLOOKUP(D11, Products!$A$2:$A$21, Products!$F$2:$F$21,0) -> 41 | J11: =_xlfn.XLOOKUP(C11, Stores!$A$2:$A$7, Stores!$D$2:$D$7) -> Sydney West | K11: =E11*H11 -> 89 | L11: =K11 - (E11 * I11) -> 48
A12: ORD10566 | B12: 46204 | C12: S03 | D12: P108 | E12: 1 | F12: =_xlfn.XLOOKUP(D12, Products!$A$2:$A$21, Products!$B$2:$B$21, "Not Found") -> Wireless Earbuds | G12: =_xlfn.XLOOKUP(D12, Products!$A$2:$A$21, Products!$C$2:$C$21) -> Audio | H12: =_xlfn.XLOOKUP(D12, Products!$A$2:$A$21, Products!$E$2:$E$21, 0) -> 249 | I12: =_xlfn.XLOOKUP(D12, Products!$A$2:$A$21, Products!$F$2:$F$21,0) -> 140 | J12: =_xlfn.XLOOKUP(C12, Stores!$A$2:$A$7, Stores!$D$2:$D$7) -> Sydney East | K12: =E12*H12 -> 249 | L12: =K12 - (E12 * I12) -> 109
A13: ORD10166 | B13: 46205 | C13: S06 | D13: P120 | E13: 1 | F13: =_xlfn.XLOOKUP(D13, Products!$A$2:$A$21, Products!$B$2:$B$21, "Not Found") -> Video Game | G13: =_xlfn.XLOOKUP(D13, Products!$A$2:$A$21, Products!$C$2:$C$21) -> Gaming | H13: =_xlfn.XLOOKUP(D13, Products!$A$2:$A$21, Products!$E$2:$E$21, 0) -> 79 | I13: =_xlfn.XLOOKUP(D13, Products!$A$2:$A$21, Products!$F$2:$F$21,0) -> 52 | J13: =_xlfn.XLOOKUP(C13, Stores!$A$2:$A$7, Stores!$D$2:$D$7) -> Sydney West | K13: =E13*H13 -> 79 | L13: =K13 - (E13 * I13) -> 27
A14: ORD10263 | B14: 46205 | C14: S03 | D14: P115 | E14: 1 | F14: =_xlfn.XLOOKUP(D14, Products!$A$2:$A$21, Products!$B$2:$B$21, "Not Found") -> Console Controller | G14: =_xlfn.XLOOKUP(D14, Products!$A$2:$A$21, Products!$C$2:$C$21) -> Gaming | H14: =_xlfn.XLOOKUP(D14, Products!$A$2:$A$21, Products!$E$2:$E$21, 0) -> 99 | I14: =_xlfn.XLOOKUP(D14, Products!$A$2:$A$21, Products!$F$2:$F$21,0) -> 58 | J14: =_xlfn.XLOOKUP(C14, Stores!$A$2:$A$7, Stores!$D$2:$D$7) -> Sydney East | K14: =E14*H14 -> 99 | L14: =K14 - (E14 * I14) -> 41
A15: ORD10324 | B15: 46205 | C15: S02 | D15: P117 | E15: 1 | F15: =_xlfn.XLOOKUP(D15, Products!$A$2:$A$21, Products!$B$2:$B$21, "Not Found") -> USB-C Charger | G15: =_xlfn.XLOOKUP(D15, Products!$A$2:$A$21, Products!$C$2:$C$21) -> Accessories | H15: =_xlfn.XLOOKUP(D15, Products!$A$2:$A$21, Products!$E$2:$E$21, 0) -> 49 | I15: =_xlfn.XLOOKUP(D15, Products!$A$2:$A$21, Products!$F$2:$F$21,0) -> 14 | J15: =_xlfn.XLOOKUP(C15, Stores!$A$2:$A$7, Stores!$D$2:$D$7) -> Sydney West | K15: =E15*H15 -> 49 | L15: =K15 - (E15 * I15) -> 35
A16: ORD10485 | B16: 46205 | C16: S06 | D16: P116 | E16: 1 | F16: =_xlfn.XLOOKUP(D16, Products!$A$2:$A$21, Products!$B$2:$B$21, "Not Found") -> Phone Case | G16: =_xlfn.XLOOKUP(D16, Products!$A$2:$A$21, Products!$C$2:$C$21) -> Accessories | H16: =_xlfn.XLOOKUP(D16, Products!$A$2:$A$21, Products!$E$2:$E$21, 0) -> 39 | I16: =_xlfn.XLOOKUP(D16, Products!$A$2:$A$21, Products!$F$2:$F$21,0) -> 9 | J16: =_xlfn.XLOOKUP(C16, Stores!$A$2:$A$7, Stores!$D$2:$D$7) -> Sydney West | K16: =E16*H16 -> 39 | L16: =K16 - (E16 * I16) -> 30
A17: ORD10494 | B17: 46205 | C17: S02 | D17: P108 | E17: 1 | F17: =_xlfn.XLOOKUP(D17, Products!$A$2:$A$21, Products!$B$2:$B$21, "Not Found") -> Wireless Earbuds | G17: =_xlfn.XLOOKUP(D17, Products!$A$2:$A$21, Products!$C$2:$C$21) -> Audio | H17: =_xlfn.XLOOKUP(D17, Products!$A$2:$A$21, Products!$E$2:$E$21, 0) -> 249 | I17: =_xlfn.XLOOKUP(D17, Products!$A$2:$A$21, Products!$F$2:$F$21,0) -> 140 | J17: =_xlfn.XLOOKUP(C17, Stores!$A$2:$A$7, Stores!$D$2:$D$7) -> Sydney West | K17: =E17*H17 -> 249 | L17: =K17 - (E17 * I17) -> 109
A18: ORD10596 | B18: 46205 | C18: S04 | D18: P103 | E18: 1 | F18: =_xlfn.XLOOKUP(D18, Products!$A$2:$A$21, Products!$B$2:$B$21, "Not Found") -> Gaming Mouse | G18: =_xlfn.XLOOKUP(D18, Products!$A$2:$A$21, Products!$C$2:$C$21) -> Accessories | H18: =_xlfn.XLOOKUP(D18, Products!$A$2:$A$21, Products!$E$2:$E$21, 0) -> 89 | I18: =_xlfn.XLOOKUP(D18, Products!$A$2:$A$21, Products!$F$2:$F$21,0) -> 41 | J18: =_xlfn.XLOOKUP(C18, Stores!$A$2:$A$7, Stores!$D$2:$D$7) -> Sydney North | K18: =E18*H18 -> 89 | L18: =K18 - (E18 * I18) -> 48
A19: ORD10113 | B19: 46206 | C19: S06 | D19: P120 | E19: 1 | F19: =_xlfn.XLOOKUP(D19, Products!$A$2:$A$21, Products!$B$2:$B$21, "Not Found") -> Video Game | G19: =_xlfn.XLOOKUP(D19, Products!$A$2:$A$21, Products!$C$2:$C$21) -> Gaming | H19: =_xlfn.XLOOKUP(D19, Products!$A$2:$A$21, Products!$E$2:$E$21, 0) -> 79 | I19: =_xlfn.XLOOKUP(D19, Products!$A$2:$A$21, Products!$F$2:$F$21,0) -> 52 | J19: =_xlfn.XLOOKUP(C19, Stores!$A$2:$A$7, Stores!$D$2:$D$7) -> Sydney West | K19: =E19*H19 -> 79 | L19: =K19 - (E19 * I19) -> 27
... A601: ORD10577 | B601: 46295 | C601: S02 | D601: P103 | E601: 2 | F601: =_xlfn.XLOOKUP(D601, Products!$A$2:$A$21, Products!$B$2:$B$21, "Not Found") -> Gaming Mouse | G601: =_xlfn.XLOOKUP(D601, Products!$A$2:$A$21, Products!$C$2:$C$21) -> Accessories | H601: =_xlfn.XLOOKUP(D601, Products!$A$2:$A$21, Products!$E$2:$E$21, 0) -> 89 | I601: =_xlfn.XLOOKUP(D601, Products!$A$2:$A$21, Products!$F$2:$F$21,0) -> 41 | J601: =_xlfn.XLOOKUP(C601, Stores!$A$2:$A$7, Stores!$D$2:$D$7) -> Sydney West | K601: =E601*H601 -> 178 | L601: =K601 - (E601 * I601) -> 96
N602: Total | O602: =SUM(K2:K601) -> 317546 | P602: =SUM(L2:L601) -> 92222

Sheet Products
A1: ProductID | B1: ProductName | C1: Category | D1: Brand | E1: UnitPrice | F1: UnitCost
A2: P101 | B2: Laptop 14in | C2: Computers | D2: Lenova | E2: 1199 | F2: 930
A3: P102 | B3: Laptop 16in | C3: Computers | D3: Azus | E3: 1799 | F3: 1390
A4: P103 | B4: Gaming Mouse | C4: Accessories | D4: Logitek | E4: 89 | F4: 41
A5: P104 | B5: Mech Keyboard | C5: Accessories | D5: Logitek | E5: 149 | F5: 72
A6: P105 | B6: 27in Monitor | C6: Computers | D6: Samsong | E6: 399 | F6: 290
A7: P106 | B7: Smartphone 128GB | C7: Phones | D7: Samsong | E7: 1099 | F7: 860
A8: P107 | B8: Smartphone 256GB | C8: Phones | D8: Appel | E8: 1499 | F8: 1180
A9: P108 | B9: Wireless Earbuds | C9: Audio | D9: Sonee | E9: 249 | F9: 140
A10: P109 | B10: Over-Ear Headphones | C10: Audio | D10: Sonee | E10: 499 | F10: 310
A11: P110 | B11: Bluetooth Speaker | C11: Audio | D11: JBN | E11: 179 | F11: 95
A12: P111 | B12: 55in TV | C12: TV | D12: LGG | E12: 1299 | F12: 980
A13: P112 | B13: 65in TV | C13: TV | D13: Samsong | E13: 1999 | F13: 1520
... A21: P120 | B21: Video Game | C21: Gaming | D21: Various | E21: 79 | F21: 52

Sheet Stores
A1: StoreID | B1: StoreName | C1: State | D1: Region
A2: S01 | B2: Rockdale | C2: NSW | D2: Sydney South
A3: S02 | B3: Parramatta | C3: NSW | D3: Sydney West
A4: S03 | B4: Bondi Junction | C4: NSW | D4: Sydney East
A5: S04 | B5: Chatswood | C5: NSW | D5: Sydney North
A6: S05 | B6: Hurstville | C6: NSW | D6: Sydney South
A7: S06 | B7: Penrith | C7: NSW | D7: Sydney West
